PRAGMA foreign_keys=OFF;
BEGIN TRANSACTION;
CREATE TABLE "initiatives" ("id" INTEGER PRIMARY KEY AUTOINCREMENT NOT NULL, "name" varchar(255), "description" text, "user_id" integer, "created_at" datetime NOT NULL, "updated_at" datetime NOT NULL);
INSERT INTO "initiatives" VALUES(1,'Ex laboriosam quae et est.','Quibusdam mollitia maxime quo soluta consequatur adipisci non explicabo dolor facilis asperiores ut eos.',1,'2013-01-16 22:35:39.254038','2013-01-21 18:35:39.283936');
INSERT INTO "initiatives" VALUES(2,'Ex laboriosam quae et est.','Quibusdam mollitia maxime quo soluta consequatur adipisci non explicabo dolor facilis asperiores ut eos.',2,'2013-01-20 05:35:39.358336','2013-01-21 18:35:39.360381');
INSERT INTO "initiatives" VALUES(3,'Ex laboriosam quae et est.','Quibusdam mollitia maxime quo soluta consequatur adipisci non explicabo dolor facilis asperiores ut eos.',3,'2013-01-18 00:35:39.370488','2013-01-21 18:35:39.372572');
INSERT INTO "initiatives" VALUES(4,'Ex laboriosam quae et est.','Quibusdam mollitia maxime quo soluta consequatur adipisci non explicabo dolor facilis asperiores ut eos.',4,'2013-01-15 05:35:39.389057','2013-01-21 18:35:39.393266');
INSERT INTO "initiatives" VALUES(5,'Ex laboriosam quae et est.','Quibusdam mollitia maxime quo soluta consequatur adipisci non explicabo dolor facilis asperiores ut eos.',5,'2013-01-18 13:35:39.409929','2013-01-21 18:35:39.414775');
INSERT INTO "initiatives" VALUES(6,'Debitis ab molestiae quisquam perferendis ex aut.','Officia cupiditate dolorum illum aliquam et occaecati tempora quidem et magni.',1,'2013-01-13 21:35:39.424731','2013-01-21 18:35:39.427539');
INSERT INTO "initiatives" VALUES(7,'Debitis ab molestiae quisquam perferendis ex aut.','Officia cupiditate dolorum illum aliquam et occaecati tempora quidem et magni.',2,'2013-01-21 13:35:39.440058','2013-01-21 18:35:39.443220');
INSERT INTO "initiatives" VALUES(8,'Debitis ab molestiae quisquam perferendis ex aut.','Officia cupiditate dolorum illum aliquam et occaecati tempora quidem et magni.',3,'2013-01-21 09:35:39.452999','2013-01-21 18:35:39.454942');
INSERT INTO "initiatives" VALUES(9,'Debitis ab molestiae quisquam perferendis ex aut.','Officia cupiditate dolorum illum aliquam et occaecati tempora quidem et magni.',4,'2013-01-17 00:35:39.465088','2013-01-21 18:35:39.467108');
INSERT INTO "initiatives" VALUES(10,'Debitis ab molestiae quisquam perferendis ex aut.','Officia cupiditate dolorum illum aliquam et occaecati tempora quidem et magni.',5,'2013-01-19 20:35:39.477662','2013-01-21 18:35:39.479617');
INSERT INTO "initiatives" VALUES(11,'Nostrum animi.','Est atque et eligendi consequatur ipsa rerum voluptatibus accusantium autem et.',1,'2013-01-16 19:35:39.489983','2013-01-21 18:35:39.491913');
INSERT INTO "initiatives" VALUES(12,'Nostrum animi.','Est atque et eligendi consequatur ipsa rerum voluptatibus accusantium autem et.',2,'2013-01-20 19:35:39.501770','2013-01-21 18:35:39.503681');
INSERT INTO "initiatives" VALUES(13,'Nostrum animi.','Est atque et eligendi consequatur ipsa rerum voluptatibus accusantium autem et.',3,'2013-01-20 16:35:39.514073','2013-01-21 18:35:39.516069');
INSERT INTO "initiatives" VALUES(14,'Nostrum animi.','Est atque et eligendi consequatur ipsa rerum voluptatibus accusantium autem et.',4,'2013-01-21 10:35:39.525798','2013-01-21 18:35:39.528076');
INSERT INTO "initiatives" VALUES(15,'Nostrum animi.','Est atque et eligendi consequatur ipsa rerum voluptatibus accusantium autem et.',5,'2013-01-17 20:35:39.540829','2013-01-21 18:35:39.542790');
INSERT INTO "initiatives" VALUES(16,'Accusantium omnis aut suscipit quae.','Occaecati minima dolores perferendis illum ut dolorem et ad placeat.',1,'2013-01-15 13:35:39.553144','2013-01-21 18:35:39.555041');
INSERT INTO "initiatives" VALUES(17,'Accusantium omnis aut suscipit quae.','Occaecati minima dolores perferendis illum ut dolorem et ad placeat.',2,'2013-01-19 01:35:39.566833','2013-01-21 18:35:39.569292');
INSERT INTO "initiatives" VALUES(18,'Accusantium omnis aut suscipit quae.','Occaecati minima dolores perferendis illum ut dolorem et ad placeat.',3,'2013-01-17 08:35:39.582388','2013-01-21 18:35:39.584700');
INSERT INTO "initiatives" VALUES(19,'Accusantium omnis aut suscipit quae.','Occaecati minima dolores perferendis illum ut dolorem et ad placeat.',4,'2013-01-19 20:35:39.595378','2013-01-21 18:35:39.597383');
INSERT INTO "initiatives" VALUES(20,'Accusantium omnis aut suscipit quae.','Occaecati minima dolores perferendis illum ut dolorem et ad placeat.',5,'2013-01-17 18:35:39.607285','2013-01-21 18:35:39.609277');
INSERT INTO "initiatives" VALUES(21,'Et minus repellendus aut.','Itaque vero officiis non maxime voluptatem dolor assumenda quod totam tempora omnis.',1,'2013-01-17 05:35:39.621766','2013-01-21 18:35:39.623595');
INSERT INTO "initiatives" VALUES(22,'Et minus repellendus aut.','Itaque vero officiis non maxime voluptatem dolor assumenda quod totam tempora omnis.',2,'2013-01-15 11:35:39.633108','2013-01-21 18:35:39.634963');
INSERT INTO "initiatives" VALUES(23,'Et minus repellendus aut.','Itaque vero officiis non maxime voluptatem dolor assumenda quod totam tempora omnis.',3,'2013-01-17 14:35:39.645880','2013-01-21 18:35:39.647718');
INSERT INTO "initiatives" VALUES(24,'Et minus repellendus aut.','Itaque vero officiis non maxime voluptatem dolor assumenda quod totam tempora omnis.',4,'2013-01-16 20:35:39.659066','2013-01-21 18:35:39.668656');
INSERT INTO "initiatives" VALUES(25,'Et minus repellendus aut.','Itaque vero officiis non maxime voluptatem dolor assumenda quod totam tempora omnis.',5,'2013-01-21 02:35:39.693648','2013-01-21 18:35:39.698634');
INSERT INTO "initiatives" VALUES(26,'Reiciendis aperiam.','Eos tenetur quod similique rerum quam sed fugiat sit qui reprehenderit pariatur.',1,'2013-01-17 04:35:39.712004','2013-01-21 18:35:39.713955');
INSERT INTO "initiatives" VALUES(27,'Reiciendis aperiam.','Eos tenetur quod similique rerum quam sed fugiat sit qui reprehenderit pariatur.',2,'2013-01-16 18:35:39.725523','2013-01-21 18:35:39.727531');
INSERT INTO "initiatives" VALUES(28,'Reiciendis aperiam.','Eos tenetur quod similique rerum quam sed fugiat sit qui reprehenderit pariatur.',3,'2013-01-18 05:35:39.739829','2013-01-21 18:35:39.741711');
INSERT INTO "initiatives" VALUES(29,'Reiciendis aperiam.','Eos tenetur quod similique rerum quam sed fugiat sit qui reprehenderit pariatur.',4,'2013-01-17 02:35:39.755177','2013-01-21 18:35:39.757149');
INSERT INTO "initiatives" VALUES(30,'Reiciendis aperiam.','Eos tenetur quod similique rerum quam sed fugiat sit qui reprehenderit pariatur.',5,'2013-01-17 00:35:39.769048','2013-01-21 18:35:39.771553');
INSERT INTO "initiatives" VALUES(31,'Molestias pariatur voluptatem dolorem nesciunt.','Aliquam ut reiciendis consectetur cumque ut architecto non perferendis dolor explicabo iure.',1,'2013-01-13 21:35:39.794809','2013-01-21 18:35:39.797049');
INSERT INTO "initiatives" VALUES(32,'Molestias pariatur voluptatem dolorem nesciunt.','Aliquam ut reiciendis consectetur cumque ut architecto non perferendis dolor explicabo iure.',2,'2013-01-20 15:35:39.808881','2013-01-21 18:35:39.810766');
INSERT INTO "initiatives" VALUES(33,'Molestias pariatur voluptatem dolorem nesciunt.','Aliquam ut reiciendis consectetur cumque ut architecto non perferendis dolor explicabo iure.',3,'2013-01-14 00:35:39.822132','2013-01-21 18:35:39.825442');
INSERT INTO "initiatives" VALUES(34,'Molestias pariatur voluptatem dolorem nesciunt.','Aliquam ut reiciendis consectetur cumque ut architecto non perferendis dolor explicabo iure.',4,'2013-01-13 18:35:39.837470','2013-01-21 18:35:39.839365');
INSERT INTO "initiatives" VALUES(35,'Molestias pariatur voluptatem dolorem nesciunt.','Aliquam ut reiciendis consectetur cumque ut architecto non perferendis dolor explicabo iure.',5,'2013-01-20 17:35:39.851871','2013-01-21 18:35:39.854060');
INSERT INTO "initiatives" VALUES(36,'Sint harum omnis ipsum numquam.','Repudiandae excepturi sint ratione voluptates id et nisi a magni.',1,'2013-01-17 21:35:39.865599','2013-01-21 18:35:39.867503');
INSERT INTO "initiatives" VALUES(37,'Sint harum omnis ipsum numquam.','Repudiandae excepturi sint ratione voluptates id et nisi a magni.',2,'2013-01-20 05:35:39.879258','2013-01-21 18:35:39.881163');
INSERT INTO "initiatives" VALUES(38,'Sint harum omnis ipsum numquam.','Repudiandae excepturi sint ratione voluptates id et nisi a magni.',3,'2013-01-17 08:35:39.895254','2013-01-21 18:35:39.897607');
INSERT INTO "initiatives" VALUES(39,'Sint harum omnis ipsum numquam.','Repudiandae excepturi sint ratione voluptates id et nisi a magni.',4,'2013-01-18 12:35:39.910128','2013-01-21 18:35:39.912315');
INSERT INTO "initiatives" VALUES(40,'Sint harum omnis ipsum numquam.','Repudiandae excepturi sint ratione voluptates id et nisi a magni.',5,'2013-01-15 06:35:39.925177','2013-01-21 18:35:39.927269');
INSERT INTO "initiatives" VALUES(41,'Dolore error sed eligendi quia similique ab.','Molestiae nostrum non sint aperiam reiciendis numquam veniam aut id explicabo est quibusdam facilis illum.',1,'2013-01-20 16:35:39.938575','2013-01-21 18:35:39.940443');
INSERT INTO "initiatives" VALUES(42,'Dolore error sed eligendi quia similique ab.','Molestiae nostrum non sint aperiam reiciendis numquam veniam aut id explicabo est quibusdam facilis illum.',2,'2013-01-20 05:35:39.965284','2013-01-21 18:35:39.967469');
INSERT INTO "initiatives" VALUES(43,'Dolore error sed eligendi quia similique ab.','Molestiae nostrum non sint aperiam reiciendis numquam veniam aut id explicabo est quibusdam facilis illum.',3,'2013-01-16 13:35:39.983151','2013-01-21 18:35:39.985438');
INSERT INTO "initiatives" VALUES(44,'Dolore error sed eligendi quia similique ab.','Molestiae nostrum non sint aperiam reiciendis numquam veniam aut id explicabo est quibusdam facilis illum.',4,'2013-01-17 14:35:39.998431','2013-01-21 18:35:40.000447');
INSERT INTO "initiatives" VALUES(45,'Dolore error sed eligendi quia similique ab.','Molestiae nostrum non sint aperiam reiciendis numquam veniam aut id explicabo est quibusdam facilis illum.',5,'2013-01-16 08:35:40.011198','2013-01-21 18:35:40.013306');
INSERT INTO "initiatives" VALUES(46,'Quia ratione tempora nesciunt.','Qui in alias non cumque sit qui perferendis quia neque itaque ipsa possimus.',1,'2013-01-19 05:35:40.025850','2013-01-21 18:35:40.028317');
INSERT INTO "initiatives" VALUES(47,'Quia ratione tempora nesciunt.','Qui in alias non cumque sit qui perferendis quia neque itaque ipsa possimus.',2,'2013-01-18 15:35:40.041648','2013-01-21 18:35:40.044882');
INSERT INTO "initiatives" VALUES(48,'Quia ratione tempora nesciunt.','Qui in alias non cumque sit qui perferendis quia neque itaque ipsa possimus.',3,'2013-01-21 07:35:40.056652','2013-01-21 18:35:40.058524');
INSERT INTO "initiatives" VALUES(49,'Quia ratione tempora nesciunt.','Qui in alias non cumque sit qui perferendis quia neque itaque ipsa possimus.',4,'2013-01-15 01:35:40.068618','2013-01-21 18:35:40.070484');
INSERT INTO "initiatives" VALUES(50,'Quia ratione tempora nesciunt.','Qui in alias non cumque sit qui perferendis quia neque itaque ipsa possimus.',5,'2013-01-14 16:35:40.081260','2013-01-21 18:35:40.083054');
INSERT INTO "initiatives" VALUES(51,'At magnam quisquam id dolores tenetur.','Sint aut voluptatem aperiam omnis rem in molestias rerum neque sequi deleniti dolorem dolores.',1,'2013-01-15 13:35:40.094246','2013-01-21 18:35:40.096638');
INSERT INTO "initiatives" VALUES(52,'At magnam quisquam id dolores tenetur.','Sint aut voluptatem aperiam omnis rem in molestias rerum neque sequi deleniti dolorem dolores.',2,'2013-01-17 08:35:40.109576','2013-01-21 18:35:40.112094');
INSERT INTO "initiatives" VALUES(53,'At magnam quisquam id dolores tenetur.','Sint aut voluptatem aperiam omnis rem in molestias rerum neque sequi deleniti dolorem dolores.',3,'2013-01-14 23:35:40.128586','2013-01-21 18:35:40.130615');
INSERT INTO "initiatives" VALUES(54,'At magnam quisquam id dolores tenetur.','Sint aut voluptatem aperiam omnis rem in molestias rerum neque sequi deleniti dolorem dolores.',4,'2013-01-16 01:35:40.142190','2013-01-21 18:35:40.144300');
INSERT INTO "initiatives" VALUES(55,'At magnam quisquam id dolores tenetur.','Sint aut voluptatem aperiam omnis rem in molestias rerum neque sequi deleniti dolorem dolores.',5,'2013-01-18 17:35:40.156860','2013-01-21 18:35:40.158796');
INSERT INTO "initiatives" VALUES(56,'Molestiae quas est reprehenderit aspernatur neque.','Vitae doloremque voluptas quam laboriosam debitis facilis voluptatum ut asperiores nisi.',1,'2013-01-13 17:35:40.169667','2013-01-21 18:35:40.171611');
INSERT INTO "initiatives" VALUES(57,'Molestiae quas est reprehenderit aspernatur neque.','Vitae doloremque voluptas quam laboriosam debitis facilis voluptatum ut asperiores nisi.',2,'2013-01-17 03:35:40.183951','2013-01-21 18:35:40.186297');
INSERT INTO "initiatives" VALUES(58,'Molestiae quas est reprehenderit aspernatur neque.','Vitae doloremque voluptas quam laboriosam debitis facilis voluptatum ut asperiores nisi.',3,'2013-01-13 23:35:40.198869','2013-01-21 18:35:40.200872');
INSERT INTO "initiatives" VALUES(59,'Molestiae quas est reprehenderit aspernatur neque.','Vitae doloremque voluptas quam laboriosam debitis facilis voluptatum ut asperiores nisi.',4,'2013-01-13 11:35:40.212157','2013-01-21 18:35:40.214016');
INSERT INTO "initiatives" VALUES(60,'Molestiae quas est reprehenderit aspernatur neque.','Vitae doloremque voluptas quam laboriosam debitis facilis voluptatum ut asperiores nisi.',5,'2013-01-21 03:35:40.225288','2013-01-21 18:35:40.227916');
INSERT INTO "initiatives" VALUES(61,'Nesciunt a eligendi in.','Nesciunt rem iusto nam ut non ullam molestias et consectetur vel dolorum velit est.',1,'2013-01-14 06:35:40.254555','2013-01-21 18:35:40.261401');
INSERT INTO "initiatives" VALUES(62,'Nesciunt a eligendi in.','Nesciunt rem iusto nam ut non ullam molestias et consectetur vel dolorum velit est.',2,'2013-01-16 02:35:40.273232','2013-01-21 18:35:40.275474');
INSERT INTO "initiatives" VALUES(63,'Nesciunt a eligendi in.','Nesciunt rem iusto nam ut non ullam molestias et consectetur vel dolorum velit est.',3,'2013-01-20 09:35:40.287216','2013-01-21 18:35:40.289253');
INSERT INTO "initiatives" VALUES(64,'Nesciunt a eligendi in.','Nesciunt rem iusto nam ut non ullam molestias et consectetur vel dolorum velit est.',4,'2013-01-14 04:35:40.302291','2013-01-21 18:35:40.304282');
INSERT INTO "initiatives" VALUES(65,'Nesciunt a eligendi in.','Nesciunt rem iusto nam ut non ullam molestias et consectetur vel dolorum velit est.',5,'2013-01-21 03:35:40.315712','2013-01-21 18:35:40.317606');
INSERT INTO "initiatives" VALUES(66,'Reiciendis magni.','Consequuntur nemo rem sit quod sint adipisci laudantium molestiae non ad.',1,'2013-01-15 02:35:40.330612','2013-01-21 18:35:40.332664');
INSERT INTO "initiatives" VALUES(67,'Reiciendis magni.','Consequuntur nemo rem sit quod sint adipisci laudantium molestiae non ad.',2,'2013-01-19 15:35:40.344629','2013-01-21 18:35:40.346951');
INSERT INTO "initiatives" VALUES(68,'Reiciendis magni.','Consequuntur nemo rem sit quod sint adipisci laudantium molestiae non ad.',3,'2013-01-20 01:35:40.357453','2013-01-21 18:35:40.360918');
INSERT INTO "initiatives" VALUES(69,'Reiciendis magni.','Consequuntur nemo rem sit quod sint adipisci laudantium molestiae non ad.',4,'2013-01-19 23:35:40.372003','2013-01-21 18:35:40.374765');
INSERT INTO "initiatives" VALUES(70,'Reiciendis magni.','Consequuntur nemo rem sit quod sint adipisci laudantium molestiae non ad.',5,'2013-01-15 21:35:40.444081','2013-01-21 18:35:40.446178');
INSERT INTO "initiatives" VALUES(71,'Esse iusto optio provident.','Maiores quia atque tempore cumque aliquam facilis ipsum itaque aut perspiciatis.',1,'2013-01-13 21:35:40.456763','2013-01-21 18:35:40.458656');
INSERT INTO "initiatives" VALUES(72,'Esse iusto optio provident.','Maiores quia atque tempore cumque aliquam facilis ipsum itaque aut perspiciatis.',2,'2013-01-15 06:35:40.469680','2013-01-21 18:35:40.471647');
INSERT INTO "initiatives" VALUES(73,'Esse iusto optio provident.','Maiores quia atque tempore cumque aliquam facilis ipsum itaque aut perspiciatis.',3,'2013-01-17 13:35:40.483425','2013-01-21 18:35:40.485330');
INSERT INTO "initiatives" VALUES(74,'Esse iusto optio provident.','Maiores quia atque tempore cumque aliquam facilis ipsum itaque aut perspiciatis.',4,'2013-01-15 16:35:40.496823','2013-01-21 18:35:40.498733');
INSERT INTO "initiatives" VALUES(75,'Esse iusto optio provident.','Maiores quia atque tempore cumque aliquam facilis ipsum itaque aut perspiciatis.',5,'2013-01-19 16:35:40.512912','2013-01-21 18:35:40.522582');
INSERT INTO "initiatives" VALUES(76,'Sit et consequatur sit nesciunt tempore.','Distinctio dolorem consectetur ea tempore voluptate molestias iste dolorum velit quos atque amet itaque voluptates.',1,'2013-01-13 11:35:40.542559','2013-01-21 18:35:40.544741');
INSERT INTO "initiatives" VALUES(77,'Sit et consequatur sit nesciunt tempore.','Distinctio dolorem consectetur ea tempore voluptate molestias iste dolorum velit quos atque amet itaque voluptates.',2,'2013-01-18 13:35:40.555275','2013-01-21 18:35:40.557131');
INSERT INTO "initiatives" VALUES(78,'Sit et consequatur sit nesciunt tempore.','Distinctio dolorem consectetur ea tempore voluptate molestias iste dolorum velit quos atque amet itaque voluptates.',3,'2013-01-21 00:35:40.569482','2013-01-21 18:35:40.571391');
INSERT INTO "initiatives" VALUES(79,'Sit et consequatur sit nesciunt tempore.','Distinctio dolorem consectetur ea tempore voluptate molestias iste dolorum velit quos atque amet itaque voluptates.',4,'2013-01-18 19:35:40.583096','2013-01-21 18:35:40.584914');
INSERT INTO "initiatives" VALUES(80,'Sit et consequatur sit nesciunt tempore.','Distinctio dolorem consectetur ea tempore voluptate molestias iste dolorum velit quos atque amet itaque voluptates.',5,'2013-01-14 05:35:40.595520','2013-01-21 18:35:40.597381');
INSERT INTO "initiatives" VALUES(81,'Suscipit ad.','Veniam sunt impedit dolorem vero quisquam quia aut inventore quia est debitis.',1,'2013-01-20 12:35:40.611637','2013-01-21 18:35:40.614896');
INSERT INTO "initiatives" VALUES(82,'Suscipit ad.','Veniam sunt impedit dolorem vero quisquam quia aut inventore quia est debitis.',2,'2013-01-20 23:35:40.626826','2013-01-21 18:35:40.628946');
INSERT INTO "initiatives" VALUES(83,'Suscipit ad.','Veniam sunt impedit dolorem vero quisquam quia aut inventore quia est debitis.',3,'2013-01-17 00:35:40.640247','2013-01-21 18:35:40.642232');
INSERT INTO "initiatives" VALUES(84,'Suscipit ad.','Veniam sunt impedit dolorem vero quisquam quia aut inventore quia est debitis.',4,'2013-01-13 13:35:40.653618','2013-01-21 18:35:40.655579');
INSERT INTO "initiatives" VALUES(85,'Suscipit ad.','Veniam sunt impedit dolorem vero quisquam quia aut inventore quia est debitis.',5,'2013-01-16 05:35:40.666241','2013-01-21 18:35:40.668157');
INSERT INTO "initiatives" VALUES(86,'Vitae tenetur ut quia veniam.','Aspernatur labore eum voluptatibus eaque corporis ipsum quo aliquam ipsam dolore suscipit adipisci quos enim.',1,'2013-01-20 13:35:40.680634','2013-01-21 18:35:40.682495');
INSERT INTO "initiatives" VALUES(87,'Vitae tenetur ut quia veniam.','Aspernatur labore eum voluptatibus eaque corporis ipsum quo aliquam ipsam dolore suscipit adipisci quos enim.',2,'2013-01-20 06:35:40.694513','2013-01-21 18:35:40.696351');
INSERT INTO "initiatives" VALUES(88,'Vitae tenetur ut quia veniam.','Aspernatur labore eum voluptatibus eaque corporis ipsum quo aliquam ipsam dolore suscipit adipisci quos enim.',3,'2013-01-15 15:35:40.709749','2013-01-21 18:35:40.711670');
INSERT INTO "initiatives" VALUES(89,'Vitae tenetur ut quia veniam.','Aspernatur labore eum voluptatibus eaque corporis ipsum quo aliquam ipsam dolore suscipit adipisci quos enim.',4,'2013-01-18 16:35:40.722914','2013-01-21 18:35:40.724775');
INSERT INTO "initiatives" VALUES(90,'Vitae tenetur ut quia veniam.','Aspernatur labore eum voluptatibus eaque corporis ipsum quo aliquam ipsam dolore suscipit adipisci quos enim.',5,'2013-01-13 21:35:40.735672','2013-01-21 18:35:40.737664');
INSERT INTO "initiatives" VALUES(91,'Quae ad est aut.','Fugiat et dolorem cumque sunt soluta laudantium enim rem velit architecto totam quo voluptatum tenetur.',1,'2013-01-14 00:35:40.750663','2013-01-21 18:35:40.752580');
INSERT INTO "initiatives" VALUES(92,'Quae ad est aut.','Fugiat et dolorem cumque sunt soluta laudantium enim rem velit architecto totam quo voluptatum tenetur.',2,'2013-01-17 19:35:40.763260','2013-01-21 18:35:40.765219');
INSERT INTO "initiatives" VALUES(93,'Quae ad est aut.','Fugiat et dolorem cumque sunt soluta laudantium enim rem velit architecto totam quo voluptatum tenetur.',3,'2013-01-20 14:35:40.776943','2013-01-21 18:35:40.778987');
INSERT INTO "initiatives" VALUES(94,'Quae ad est aut.','Fugiat et dolorem cumque sunt soluta laudantium enim rem velit architecto totam quo voluptatum tenetur.',4,'2013-01-13 17:35:40.792366','2013-01-21 18:35:40.794375');
INSERT INTO "initiatives" VALUES(95,'Quae ad est aut.','Fugiat et dolorem cumque sunt soluta laudantium enim rem velit architecto totam quo voluptatum tenetur.',5,'2013-01-15 05:35:40.809965','2013-01-21 18:35:40.812332');
INSERT INTO "initiatives" VALUES(96,'Nihil quo officia quasi dolor nesciunt non.','Ipsam ut at molestiae non quos ex et doloribus veritatis voluptatibus eligendi perspiciatis porro.',1,'2013-01-14 10:35:40.836173','2013-01-21 18:35:40.838639');
INSERT INTO "initiatives" VALUES(97,'Nihil quo officia quasi dolor nesciunt non.','Ipsam ut at molestiae non quos ex et doloribus veritatis voluptatibus eligendi perspiciatis porro.',2,'2013-01-20 04:35:40.850019','2013-01-21 18:35:40.852396');
INSERT INTO "initiatives" VALUES(98,'Nihil quo officia quasi dolor nesciunt non.','Ipsam ut at molestiae non quos ex et doloribus veritatis voluptatibus eligendi perspiciatis porro.',3,'2013-01-14 21:35:40.863444','2013-01-21 18:35:40.866176');
INSERT INTO "initiatives" VALUES(99,'Nihil quo officia quasi dolor nesciunt non.','Ipsam ut at molestiae non quos ex et doloribus veritatis voluptatibus eligendi perspiciatis porro.',4,'2013-01-19 00:35:40.877279','2013-01-21 18:35:40.879575');
INSERT INTO "initiatives" VALUES(100,'Nihil quo officia quasi dolor nesciunt non.','Ipsam ut at molestiae non quos ex et doloribus veritatis voluptatibus eligendi perspiciatis porro.',5,'2013-01-15 23:35:40.891718','2013-01-21 18:35:40.893677');
CREATE TABLE "innovation_ideas" ("id" INTEGER PRIMARY KEY AUTOINCREMENT NOT NULL, "title" varchar(255), "description" text, "created_at" datetime NOT NULL, "updated_at" datetime NOT NULL, "user_id" integer);
INSERT INTO "innovation_ideas" VALUES(1,'Id veritatis.','Non officiis sunt perspiciatis sint dicta sed non dolores dolores qui nihil fugiat ducimus numquam id eius reiciendis voluptatem rem.','2013-01-15 13:35:39.288232','2013-01-21 18:35:39.353665',1);
INSERT INTO "innovation_ideas" VALUES(2,'Fugit quis aut.','Aut eaque asperiores in consequatur explicabo sed ut labore recusandae rerum debitis quis vel eligendi odio mollitia sit et enim minima.','2013-01-15 12:35:39.364186','2013-01-21 18:35:39.366156',2);
INSERT INTO "innovation_ideas" VALUES(3,'Sapiente.','Repudiandae molestias ea sint accusamus est omnis blanditiis incidunt asperiores repellendus impedit inventore voluptatem et ab et eaque iure facilis eveniet.','2013-01-15 07:35:39.376533','2013-01-21 18:35:39.382515',3);
INSERT INTO "innovation_ideas" VALUES(4,'Alias corrupti atque sunt.','Repellat nostrum aut dolores ut culpa ipsa cumque aut ea enim et ut delectus dolor perspiciatis tempore quo quam aut doloribus quod eos porro.','2013-01-21 01:35:39.401692','2013-01-21 18:35:39.403476',4);
INSERT INTO "innovation_ideas" VALUES(5,'Sit aut ducimus.','Recusandae quia repellat odit quis autem deserunt fuga velit tenetur qui ipsum numquam et ad animi sit facere sit earum ipsa voluptate necessitatibus officiis.','2013-01-17 14:35:39.419022','2013-01-21 18:35:39.420721',5);
INSERT INTO "innovation_ideas" VALUES(6,'Voluptas perspiciatis magnam ab vel rerum.','Dolor totam non et sed impedit eum nisi et pariatur vel aut ut facere eius officia dolore fuga dolorum minima quia optio incidunt sit.','2013-01-13 17:35:39.432994','2013-01-21 18:35:39.434679',1);
INSERT INTO "innovation_ideas" VALUES(7,'Maxime labore eligendi repudiandae itaque.','Quibusdam harum enim dolores similique ex a sit aliquid animi est veritatis quia maiores delectus quia accusantium dolor blanditiis sequi quis.','2013-01-13 20:35:39.447125','2013-01-21 18:35:39.448759',2);
INSERT INTO "innovation_ideas" VALUES(8,'Nihil corrupti.','Quibusdam repudiandae accusamus unde necessitatibus mollitia cumque sed perferendis eos expedita incidunt assumenda aut soluta fugiat animi ullam nemo eos at quas veniam sed aut.','2013-01-19 19:35:39.458823','2013-01-21 18:35:39.460374',3);
INSERT INTO "innovation_ideas" VALUES(9,'In nihil facilis ipsam ratione sed.','Dignissimos quaerat quod reprehenderit est exercitationem libero adipisci qui labore magni consequatur laudantium ab soluta dolorem blanditiis veniam autem commodi ut.','2013-01-17 23:35:39.471401','2013-01-21 18:35:39.473019',4);
INSERT INTO "innovation_ideas" VALUES(10,'Qui est expedita aperiam quia.','Occaecati voluptas aut dignissimos ullam libero quam reprehenderit molestias quibusdam assumenda voluptate eaque rerum cumque corrupti aut iure laudantium et.','2013-01-15 07:35:39.483474','2013-01-21 18:35:39.485085',5);
INSERT INTO "innovation_ideas" VALUES(11,'Fugiat a.','Deleniti quae id numquam ipsam laboriosam laborum facere aut doloribus magnam eos qui veniam ex sed eligendi nulla saepe vero accusamus illum.','2013-01-19 20:35:39.495862','2013-01-21 18:35:39.497508',1);
INSERT INTO "innovation_ideas" VALUES(12,'Unde cupiditate.','Blanditiis velit exercitationem incidunt illum aliquam expedita repudiandae ut accusantium maxime sed quis et praesentium ullam culpa cupiditate voluptas quia vel ut.','2013-01-15 08:35:39.507531','2013-01-21 18:35:39.509107',2);
INSERT INTO "innovation_ideas" VALUES(13,'Mollitia eveniet non.','Aut vero dolor saepe omnis voluptatem dolore neque labore nostrum soluta et cumque nihil nobis quisquam eos nisi omnis rem ut.','2013-01-13 22:35:39.519928','2013-01-21 18:35:39.521487',3);
INSERT INTO "innovation_ideas" VALUES(14,'Iusto neque ut temporibus esse.','Sint qui necessitatibus distinctio laboriosam porro sapiente voluptate laborum possimus sunt consequuntur qui recusandae eveniet iusto ut aut molestias quis ipsam.','2013-01-15 13:35:39.532303','2013-01-21 18:35:39.533942',4);
INSERT INTO "innovation_ideas" VALUES(15,'Omnis reprehenderit quidem dolores.','Et nam iste commodi blanditiis nihil dicta hic quia sunt aliquid maiores qui expedita velit at et aut saepe facere ab perferendis magnam amet explicabo.','2013-01-16 08:35:39.547242','2013-01-21 18:35:39.548861',5);
INSERT INTO "innovation_ideas" VALUES(16,'Qui est eos velit porro.','Velit aperiam est dolore voluptas aliquam blanditiis dicta ut est quidem provident itaque velit quas omnis doloremque perferendis soluta eos sint rem inventore consequatur porro.','2013-01-18 06:35:39.558938','2013-01-21 18:35:39.560666',1);
INSERT INTO "innovation_ideas" VALUES(17,'Eveniet et autem.','Quas sequi amet commodi vitae qui odit ex eius facilis quos quisquam placeat magnam excepturi delectus rerum aliquam nam molestias corporis et soluta quo.','2013-01-14 15:35:39.574440','2013-01-21 18:35:39.576220',2);
INSERT INTO "innovation_ideas" VALUES(18,'Ratione dolorum illum.','Neque suscipit rem rerum deserunt dolorem alias optio dolorum similique et et dignissimos numquam necessitatibus enim corrupti commodi est repellendus quis quasi porro ipsam.','2013-01-14 00:35:39.589401','2013-01-21 18:35:39.591129',3);
INSERT INTO "innovation_ideas" VALUES(19,'Doloremque necessitatibus.','Et quod consequatur sit quo et error dolor quis eum molestiae aut sunt labore odit exercitationem architecto voluptatibus fuga consectetur perferendis est qui.','2013-01-21 11:35:39.601868','2013-01-21 18:35:39.603521',4);
INSERT INTO "innovation_ideas" VALUES(20,'Iusto eius officiis consequatur unde.','Ratione sed nihil occaecati libero omnis omnis sit praesentium pariatur esse eum nam nobis unde dolores rem repellat numquam iure.','2013-01-16 01:35:39.614697','2013-01-21 18:35:39.616925',5);
INSERT INTO "innovation_ideas" VALUES(21,'Minus sed.','Suscipit sequi accusantium esse numquam eligendi aliquid excepturi odio sint facilis aut voluptate non velit ea saepe qui aut ut enim officiis libero.','2013-01-16 14:35:39.627500','2013-01-21 18:35:39.629159',1);
INSERT INTO "innovation_ideas" VALUES(22,'Molestias et voluptatem.','Molestiae consequuntur veniam beatae dolores tempore tenetur animi quae qui ullam nihil aspernatur consequatur sunt ut repellendus quis quo quibusdam cupiditate laborum.','2013-01-13 23:35:39.639467','2013-01-21 18:35:39.641129',2);
INSERT INTO "innovation_ideas" VALUES(23,'Aliquam ad incidunt nihil.','Commodi quaerat inventore qui ratione ullam cumque atque omnis ut similique blanditiis quia sunt dolores aut et quibusdam consequatur dolor.','2013-01-14 06:35:39.652585','2013-01-21 18:35:39.654237',3);
INSERT INTO "innovation_ideas" VALUES(24,'Praesentium.','Aliquid earum qui consequatur molestiae at non vel veritatis omnis voluptatem dicta iste perferendis nemo temporibus distinctio ut aut eveniet atque itaque architecto voluptates vel.','2013-01-13 10:35:39.679752','2013-01-21 18:35:39.682578',4);
INSERT INTO "innovation_ideas" VALUES(25,'Sunt id culpa assumenda voluptatem.','Dolorum eum architecto nihil dolor nam quas alias rerum doloribus voluptatem natus itaque at quibusdam quasi inventore eos ea amet et quo eum minima.','2013-01-18 10:35:39.705082','2013-01-21 18:35:39.706844',5);
INSERT INTO "innovation_ideas" VALUES(26,'Tempora fugiat.','Iste provident voluptas vel ut dignissimos recusandae et dolorem autem non autem nihil laudantium tenetur maxime iusto expedita quia atque.','2013-01-17 03:35:39.718291','2013-01-21 18:35:39.719940',1);
INSERT INTO "innovation_ideas" VALUES(27,'Saepe voluptas consequatur dolorum neque sed.','Totam quia et odio rem soluta voluptatum omnis mollitia ut accusamus consequatur eaque voluptas maxime est est cum quaerat ipsam vel rerum illum sed at.','2013-01-16 04:35:39.732195','2013-01-21 18:35:39.735011',2);
INSERT INTO "innovation_ideas" VALUES(28,'Rerum minus eos ullam et incidunt.','Repudiandae deserunt doloribus aut voluptate ipsum eos et voluptas consectetur quod ab deleniti sit provident laboriosam eligendi reprehenderit minus voluptas sit molestiae officiis.','2013-01-14 03:35:39.747185','2013-01-21 18:35:39.749739',3);
INSERT INTO "innovation_ideas" VALUES(29,'Itaque sequi occaecati.','Libero hic distinctio quibusdam omnis voluptas quae accusantium quidem debitis vero repellat labore et doloribus eaque qui rem aliquam et suscipit qui rerum ratione.','2013-01-14 12:35:39.762728','2013-01-21 18:35:39.764418',4);
INSERT INTO "innovation_ideas" VALUES(30,'Dolorem consequuntur dolore vel.','Deleniti quis id rerum accusamus blanditiis animi repellendus illum ullam qui esse nihil quasi quia alias et eum et amet ut dolores reprehenderit quod officiis.','2013-01-13 10:35:39.776751','2013-01-21 18:35:39.778372',5);
INSERT INTO "innovation_ideas" VALUES(31,'Nemo voluptatem.','Ut rerum vel tempora non eaque qui eligendi sit ipsam illum fugiat temporibus nostrum vitae sit voluptatem et nisi delectus eum.','2013-01-16 02:35:39.801530','2013-01-21 18:35:39.804074',1);
INSERT INTO "innovation_ideas" VALUES(32,'Totam rerum molestias est odio.','Et aperiam vitae ipsam praesentium sit sunt hic ipsa voluptatum est nemo alias commodi est animi laborum quo aut dolores optio illo accusamus.','2013-01-15 22:35:39.815452','2013-01-21 18:35:39.817880',2);
INSERT INTO "innovation_ideas" VALUES(33,'Pariatur illo reprehenderit debitis tempora eaque.','Ducimus velit quia et rerum eligendi quis tenetur facilis quis totam fuga voluptatibus quos alias enim non quas quae et voluptatem iste earum voluptas.','2013-01-16 22:35:39.830419','2013-01-21 18:35:39.832197',3);
INSERT INTO "innovation_ideas" VALUES(34,'Numquam vero aspernatur nesciunt.','In enim labore quis aut eaque molestias ipsam id rerum consequatur itaque sit hic recusandae et vel rerum nihil autem.','2013-01-18 02:35:39.845462','2013-01-21 18:35:39.847143',4);
INSERT INTO "innovation_ideas" VALUES(35,'Inventore.','Labore quas et non ut est est ut consectetur quia beatae sit possimus commodi et ex atque eos aut dolor facere voluptatum asperiores eaque in.','2013-01-21 15:35:39.859338','2013-01-21 18:35:39.861066',5);
INSERT INTO "innovation_ideas" VALUES(36,'Saepe ut.','Totam non laborum ea nesciunt est dolor illo autem deleniti quidem aut aut voluptatum ut corrupti quam cumque aut praesentium magni odit.','2013-01-19 06:35:39.873205','2013-01-21 18:35:39.874862',1);
INSERT INTO "innovation_ideas" VALUES(37,'Officia libero molestias.','Praesentium perferendis impedit maxime molestiae dolores cupiditate necessitatibus asperiores modi dolor est tenetur dolores vel nisi qui omnis enim eum.','2013-01-16 22:35:39.887167','2013-01-21 18:35:39.888823',2);
INSERT INTO "innovation_ideas" VALUES(38,'Autem nihil ut id.','Debitis voluptas dolorum porro quod blanditiis reprehenderit doloremque sint a accusamus odio amet unde soluta cum odit voluptates provident veritatis.','2013-01-16 11:35:39.903643','2013-01-21 18:35:39.905277',3);
INSERT INTO "innovation_ideas" VALUES(39,'Voluptas autem ut sunt accusamus nisi.','Veniam qui a id consequuntur magni et architecto labore inventore soluta dolorum quia magnam pariatur eligendi aut illum aperiam distinctio accusamus autem dolorem.','2013-01-19 14:35:39.916935','2013-01-21 18:35:39.918790',4);
INSERT INTO "innovation_ideas" VALUES(40,'Odit.','Est soluta molestiae cumque occaecati debitis blanditiis nemo velit assumenda voluptatibus quam a aut ad ut molestias hic eveniet aperiam sint voluptatem.','2013-01-13 17:35:39.932071','2013-01-21 18:35:39.934043',5);
INSERT INTO "innovation_ideas" VALUES(41,'Aut.','Veniam dolorem laboriosam reiciendis minus cupiditate aut est suscipit et corporis est consequatur beatae perspiciatis odit exercitationem qui ipsam vel quos aliquam at.','2013-01-18 16:35:39.945764','2013-01-21 18:35:39.948262',1);
INSERT INTO "innovation_ideas" VALUES(42,'Recusandae laudantium.','Eum voluptatem mollitia a minima pariatur excepturi adipisci natus nobis dolor eos nihil et aspernatur nihil omnis et reprehenderit quis.','2013-01-14 03:35:39.976338','2013-01-21 18:35:39.978568',2);
INSERT INTO "innovation_ideas" VALUES(43,'Illum dolorem et velit.','Deserunt impedit dolorum rerum laudantium ad qui culpa incidunt hic non asperiores beatae est recusandae non sint minus et quia.','2013-01-15 18:35:39.991995','2013-01-21 18:35:39.993797',3);
INSERT INTO "innovation_ideas" VALUES(44,'Aspernatur et dignissimos doloribus ut rerum.','Distinctio praesentium aperiam at repudiandae sed soluta fugiat iure minus nihil sequi vitae ipsa natus maiores illum dolor aliquam deleniti est a culpa.','2013-01-19 23:35:40.005259','2013-01-21 18:35:40.006840',4);
INSERT INTO "innovation_ideas" VALUES(45,'Porro voluptatem dignissimos quis natus quasi.','Dolor provident nemo laborum laudantium laboriosam totam voluptas harum et dolor est beatae facilis eum impedit odit tempora molestias qui veritatis eos aut pariatur.','2013-01-16 00:35:40.018307','2013-01-21 18:35:40.019933',5);
INSERT INTO "innovation_ideas" VALUES(46,'Quam.','Vero ut natus dolor veritatis aut aperiam odit nobis rerum et accusantium ipsam magni aspernatur quis aliquid dolor ipsum suscipit.','2013-01-19 02:35:40.033665','2013-01-21 18:35:40.036356',1);
INSERT INTO "innovation_ideas" VALUES(47,'Non molestias harum porro.','Consectetur fugit repellat beatae eaque doloremque molestias aut iusto et nemo in iure qui quia similique harum nihil eos et voluptate.','2013-01-16 17:35:40.050347','2013-01-21 18:35:40.052032',2);
INSERT INTO "innovation_ideas" VALUES(48,'Est explicabo quia minus.','Et laborum fuga ipsam quisquam iure dolorum aut quaerat perspiciatis quis sint soluta aut et qui itaque quis blanditiis est ut.','2013-01-16 11:35:40.063102','2013-01-21 18:35:40.064751',3);
INSERT INTO "innovation_ideas" VALUES(49,'Doloremque aperiam velit.','Ea commodi maxime dolorem et veritatis ducimus totam quia distinctio illo doloremque iure earum officia impedit et natus repellendus architecto fuga.','2013-01-21 13:35:40.075763','2013-01-21 18:35:40.077450',4);
INSERT INTO "innovation_ideas" VALUES(50,'Numquam quia ad dicta.','Numquam vel rerum voluptas eveniet esse accusantium cupiditate quis aut sit tempora error sint quia dolores voluptates magni minus enim laudantium ut consequatur.','2013-01-16 09:35:40.087898','2013-01-21 18:35:40.089569',5);
INSERT INTO "innovation_ideas" VALUES(51,'Dolor minus laudantium.','Aut eaque culpa debitis est est consequatur et sint exercitationem est consequatur esse eius adipisci ipsam autem rerum eum iusto et.','2013-01-21 17:35:40.102161','2013-01-21 18:35:40.104112',1);
INSERT INTO "innovation_ideas" VALUES(52,'Voluptatum ipsa suscipit.','Nisi alias sint quia quae voluptatem sunt porro labore occaecati repudiandae ab id similique inventore quam adipisci explicabo quia est.','2013-01-19 20:35:40.122390','2013-01-21 18:35:40.124243',2);
INSERT INTO "innovation_ideas" VALUES(53,'Suscipit.','In consequatur animi itaque maxime praesentium voluptatibus quaerat voluptatem pariatur expedita commodi excepturi omnis architecto aut blanditiis est impedit amet voluptatem voluptatum totam.','2013-01-20 23:35:40.135363','2013-01-21 18:35:40.137159',3);
INSERT INTO "innovation_ideas" VALUES(54,'Similique et.','Eligendi est autem quam repellendus quod dolorum quisquam porro repellat quaerat dolores autem cumque consequuntur cum qui architecto accusamus ducimus eum tempora ratione.','2013-01-17 19:35:40.150226','2013-01-21 18:35:40.151897',4);
INSERT INTO "innovation_ideas" VALUES(55,'Quo quia consectetur cum sit.','Fuga aut et harum adipisci excepturi voluptatem perferendis earum est vel non at repellat illo aut commodi sed consequatur nobis.','2013-01-15 20:35:40.163501','2013-01-21 18:35:40.165127',5);
INSERT INTO "innovation_ideas" VALUES(56,'Delectus.','Quae ut voluptatem beatae dolor voluptates dignissimos tempora eaque ab vel amet in culpa cum omnis suscipit dolores unde animi optio et ullam architecto est.','2013-01-15 10:35:40.177260','2013-01-21 18:35:40.178981',1);
INSERT INTO "innovation_ideas" VALUES(57,'Esse officia vero voluptatem.','Aut consequatur et sequi autem aut quam sunt eaque et quae eum exercitationem rerum mollitia enim consequuntur delectus aut ullam cupiditate ut.','2013-01-14 09:35:40.191501','2013-01-21 18:35:40.193410',2);
INSERT INTO "innovation_ideas" VALUES(58,'Aliquid.','Beatae aut possimus earum commodi voluptates ipsa illum animi autem id soluta voluptas rerum quo est non repudiandae et voluptas ipsam quas porro blanditiis dolorum.','2013-01-20 06:35:40.206414','2013-01-21 18:35:40.208178',3);
INSERT INTO "innovation_ideas" VALUES(59,'Aperiam qui suscipit velit.','Quod sed aut ut id qui numquam recusandae culpa nobis fuga placeat sint dignissimos est adipisci quia quis ut nihil quas.','2013-01-20 20:35:40.218750','2013-01-21 18:35:40.221114',4);
INSERT INTO "innovation_ideas" VALUES(60,'Quia deserunt.','Et qui aliquam doloribus et iure consequatur odit qui reiciendis tenetur autem aut illo quasi sit velit in temporibus impedit et.','2013-01-18 02:35:40.234380','2013-01-21 18:35:40.242547',5);
INSERT INTO "innovation_ideas" VALUES(61,'Laudantium voluptatem.','Corrupti sapiente nesciunt voluptatem iure libero ad alias sit veritatis molestiae omnis earum deserunt modi consectetur vitae dolor molestias et.','2013-01-20 14:35:40.267145','2013-01-21 18:35:40.268847',1);
INSERT INTO "innovation_ideas" VALUES(62,'Iste non excepturi nam quo.','Nemo inventore placeat adipisci sunt et et sit libero delectus aliquid eum assumenda et veritatis omnis in et earum sit qui velit porro consequuntur cumque.','2013-01-20 08:35:40.281026','2013-01-21 18:35:40.282707',2);
INSERT INTO "innovation_ideas" VALUES(63,'Ipsa accusamus.','Voluptatum eum asperiores explicabo facere quidem quasi ut eligendi excepturi ea repudiandae quod molestiae aut voluptas animi dolor fugiat totam et id in officia quisquam.','2013-01-17 12:35:40.295208','2013-01-21 18:35:40.296917',3);
INSERT INTO "innovation_ideas" VALUES(64,'Adipisci aut enim natus.','Dolores itaque id assumenda perferendis excepturi explicabo molestias voluptas in magni quis et facilis mollitia perspiciatis sequi doloribus enim provident minima expedita consectetur dicta.','2013-01-17 16:35:40.309093','2013-01-21 18:35:40.310927',4);
INSERT INTO "innovation_ideas" VALUES(65,'Omnis sit.','Quisquam rem repellat quo illum iusto quia nesciunt aut tempore enim voluptates animi beatae a adipisci soluta ea blanditiis quos dolore provident sit aut laboriosam.','2013-01-13 19:35:40.323287','2013-01-21 18:35:40.325549',5);
INSERT INTO "innovation_ideas" VALUES(66,'Consequatur facere et aut praesentium dicta.','Voluptatum omnis culpa tempore voluptas minima aut quibusdam autem hic fugit dicta et vero error alias inventore temporibus aut eius adipisci quo assumenda id.','2013-01-17 08:35:40.338573','2013-01-21 18:35:40.340219',1);
INSERT INTO "innovation_ideas" VALUES(67,'Hic id.','At dolores rerum expedita enim magni ipsam dolorem qui soluta maxime doloribus amet ipsum nam facilis numquam eos vero distinctio repellendus suscipit odit quaerat.','2013-01-14 15:35:40.351628','2013-01-21 18:35:40.353234',2);
INSERT INTO "innovation_ideas" VALUES(68,'Quod.','Velit voluptatem inventore error commodi aut ea libero tempore quia laborum praesentium necessitatibus ipsum quo et qui est eos quos voluptatem vel ratione iste possimus.','2013-01-15 09:35:40.365757','2013-01-21 18:35:40.367396',3);
INSERT INTO "innovation_ideas" VALUES(69,'Quo.','Cumque error ea praesentium ab iusto natus ut et eaque beatae sapiente rerum minima sed consectetur omnis sequi laudantium voluptatem vero aut.','2013-01-20 03:35:40.438618','2013-01-21 18:35:40.440424',4);
INSERT INTO "innovation_ideas" VALUES(70,'Quam qui.','Est a quisquam quia dolorem rem tenetur inventore et quas ut voluptate nesciunt aut quis eveniet voluptatem ipsa architecto ut vel sunt dolorum voluptatem.','2013-01-17 02:35:40.450439','2013-01-21 18:35:40.452828',5);
INSERT INTO "innovation_ideas" VALUES(71,'Dolorem quasi.','Quisquam et modi alias voluptatem qui sunt autem aperiam aut quos vero dolores id repudiandae architecto numquam tempore est qui perspiciatis accusamus quod voluptatem ea.','2013-01-15 08:35:40.462874','2013-01-21 18:35:40.465072',1);
INSERT INTO "innovation_ideas" VALUES(72,'Assumenda nulla dicta debitis ut.','Iste rerum omnis qui ducimus praesentium est ratione qui consequatur recusandae unde quod rerum quasi vitae odit accusantium ex fugiat rerum ea.','2013-01-19 02:35:40.477531','2013-01-21 18:35:40.479245',2);
INSERT INTO "innovation_ideas" VALUES(73,'Non ullam.','Aspernatur veritatis quaerat illo voluptatem vero voluptas voluptatibus labore totam sit accusamus in dolorem mollitia autem impedit omnis magni nihil molestias distinctio.','2013-01-14 09:35:40.489906','2013-01-21 18:35:40.492676',3);
INSERT INTO "innovation_ideas" VALUES(74,'Facilis et.','Ut veritatis excepturi laborum culpa laboriosam temporibus vitae ipsam sit adipisci enim explicabo libero ducimus sint minima ut quo eos.','2013-01-17 11:35:40.505081','2013-01-21 18:35:40.506954',4);
INSERT INTO "innovation_ideas" VALUES(75,'Et fugit aliquid.','Recusandae odio iste et eum minus quasi consequatur consequatur officiis ullam occaecati est dolor dolores sed qui reiciendis similique qui nostrum necessitatibus voluptates.','2013-01-15 13:35:40.528806','2013-01-21 18:35:40.532208',5);
INSERT INTO "innovation_ideas" VALUES(76,'Sit exercitationem et magni laboriosam.','Aut et consequatur ut perspiciatis cum error non quis velit eos labore officia qui praesentium voluptates repellat est aut dolor excepturi qui.','2013-01-15 15:35:40.549717','2013-01-21 18:35:40.551432',1);
INSERT INTO "innovation_ideas" VALUES(77,'Maiores doloremque provident corporis.','Eos architecto expedita iure quo aut voluptatem enim quidem porro voluptate dignissimos beatae rerum tempore voluptas repellat consequatur qui aut ullam.','2013-01-13 13:35:40.563279','2013-01-21 18:35:40.564954',2);
INSERT INTO "innovation_ideas" VALUES(78,'Et voluptas.','Vel cum autem porro voluptatum error vel quo reprehenderit deleniti et nemo est quae eos sit enim minima officiis sunt numquam placeat atque.','2013-01-18 10:35:40.577380','2013-01-21 18:35:40.579155',3);
INSERT INTO "innovation_ideas" VALUES(79,'Consequatur temporibus nemo.','Enim consequatur reiciendis molestias aut repellat suscipit est eveniet molestiae veritatis ipsa soluta in rem vitae repellendus magni harum distinctio dolorem molestiae et quos.','2013-01-19 09:35:40.589894','2013-01-21 18:35:40.591559',4);
INSERT INTO "innovation_ideas" VALUES(80,'Natus nesciunt quis qui ut deleniti.','Dolorum at voluptatem magnam consequatur quia rem ea repellat minima cumque aut est quisquam itaque dolorem maiores aut a commodi et perspiciatis cum est.','2013-01-19 16:35:40.602757','2013-01-21 18:35:40.605867',5);
INSERT INTO "innovation_ideas" VALUES(81,'Rerum facilis iste commodi aspernatur.','Odit minus iste soluta non quod nihil cum animi quibusdam consequatur architecto autem dolorum ducimus sint aut corrupti perspiciatis sed optio est consectetur mollitia.','2013-01-17 00:35:40.620136','2013-01-21 18:35:40.621839',1);
INSERT INTO "innovation_ideas" VALUES(82,'Consequuntur.','Ex non labore iure debitis iusto magni voluptatum quae quaerat facere id exercitationem et quas dolor doloremque veniam error mollitia sunt.','2013-01-20 15:35:40.633490','2013-01-21 18:35:40.635114',2);
INSERT INTO "innovation_ideas" VALUES(83,'Adipisci perferendis id.','Maxime consequatur aut sint nesciunt animi consequuntur enim rem quia odio qui aliquam ut eligendi voluptas sed quo architecto ratione molestiae praesentium dolorum nam quod.','2013-01-13 12:35:40.646980','2013-01-21 18:35:40.648543',3);
INSERT INTO "innovation_ideas" VALUES(84,'Fugit et repudiandae sed voluptatem.','Recusandae consectetur magnam laborum corporis in aperiam a nihil nihil aspernatur omnis ipsum accusantium quaerat et libero distinctio sunt dolore qui architecto natus minus.','2013-01-18 23:35:40.660722','2013-01-21 18:35:40.662272',4);
INSERT INTO "innovation_ideas" VALUES(85,'Voluptatum ullam doloremque quasi.','Omnis ad architecto sint accusamus nisi et placeat deleniti enim ut voluptas temporibus et saepe fugiat voluptas velit rerum vel error.','2013-01-14 10:35:40.673115','2013-01-21 18:35:40.675330',5);
INSERT INTO "innovation_ideas" VALUES(86,'Possimus beatae commodi aperiam occaecati repellat.','Dolor sit dolore repellat est voluptas eos quia esse tempora vel ut iure amet autem ipsam quaerat quasi minus explicabo aut unde cumque ad.','2013-01-15 02:35:40.687064','2013-01-21 18:35:40.690049',1);
INSERT INTO "innovation_ideas" VALUES(87,'Quo voluptatum ea ex.','Earum asperiores eligendi ducimus velit quisquam perspiciatis impedit eos totam ea consectetur minus maiores est dicta odio neque minima et recusandae.','2013-01-16 06:35:40.701605','2013-01-21 18:35:40.703926',2);
INSERT INTO "innovation_ideas" VALUES(88,'Vel voluptate.','Consequuntur non vel deleniti dolore accusamus qui ex eveniet rerum rerum in quia odit assumenda non soluta dolor numquam aut ut sequi.','2013-01-20 18:35:40.717177','2013-01-21 18:35:40.718855',3);
INSERT INTO "innovation_ideas" VALUES(89,'Neque voluptate vel vel.','Corrupti atque rerum est molestiae porro nemo sunt dolorem eum eos quaerat deleniti consequuntur et laudantium perspiciatis ut placeat nihil voluptatem dolor voluptatibus praesentium.','2013-01-16 08:35:40.729412','2013-01-21 18:35:40.731673',4);
INSERT INTO "innovation_ideas" VALUES(90,'Blanditiis.','Aut dicta ratione qui id minus cupiditate et dolores harum sunt nihil non vitae aut voluptas consectetur commodi eos dolores voluptas voluptatem.','2013-01-16 18:35:40.743704','2013-01-21 18:35:40.745812',5);
INSERT INTO "innovation_ideas" VALUES(91,'Id placeat impedit et officiis.','Ex qui porro aliquam ullam quisquam voluptas nihil quasi placeat voluptas in necessitatibus beatae neque harum ipsam ad rerum hic inventore saepe voluptas omnis.','2013-01-16 02:35:40.757131','2013-01-21 18:35:40.758927',1);
INSERT INTO "innovation_ideas" VALUES(92,'Optio reprehenderit ab voluptas.','Quaerat debitis voluptas tenetur ullam sint sit unde perspiciatis veritatis ea voluptas dicta nesciunt adipisci dolorem architecto impedit quae deleniti maxime sequi ut vero laudantium.','2013-01-19 03:35:40.769746','2013-01-21 18:35:40.771555',2);
INSERT INTO "innovation_ideas" VALUES(93,'Aut dolorem repellat.','Dolore et accusantium quam facilis reiciendis vel aliquam atque est reprehenderit aliquid et veritatis provident sint delectus inventore dolor aut accusamus assumenda.','2013-01-20 08:35:40.784526','2013-01-21 18:35:40.786571',3);
INSERT INTO "innovation_ideas" VALUES(94,'Accusantium.','Rerum labore necessitatibus iure inventore asperiores odio provident suscipit optio officia earum repellendus sunt quaerat libero cumque in id reiciendis aut nesciunt sed.','2013-01-21 12:35:40.802234','2013-01-21 18:35:40.803982',4);
INSERT INTO "innovation_ideas" VALUES(95,'Ea vero.','Aut sit error nesciunt sed voluptatem aliquam architecto quae dolore distinctio aut sequi eos est in et et veritatis omnis illum.','2013-01-16 16:35:40.821519','2013-01-21 18:35:40.823546',5);
INSERT INTO "innovation_ideas" VALUES(96,'Vero.','Impedit maxime incidunt perspiciatis ad libero voluptatem sapiente deserunt facilis qui sed dolores sit voluptates dolor rerum eligendi blanditiis aut.','2013-01-20 12:35:40.843864','2013-01-21 18:35:40.845526',1);
INSERT INTO "innovation_ideas" VALUES(97,'Et.','Vel ipsa dignissimos aperiam nostrum quae ipsam nesciunt facilis enim et ut velit atque sit non tenetur aut asperiores numquam ducimus.','2013-01-17 14:35:40.857771','2013-01-21 18:35:40.859426',2);
INSERT INTO "innovation_ideas" VALUES(98,'Reiciendis est quaerat sapiente.','Ut praesentium natus dolore et nemo enim rem doloremque quibusdam ea neque deserunt est aliquid omnis magnam assumenda nobis possimus tempora consequatur quia sit qui.','2013-01-15 17:35:40.871034','2013-01-21 18:35:40.872739',3);
INSERT INTO "innovation_ideas" VALUES(99,'Tenetur eaque vero eveniet.','Consequuntur officiis dolorum est dolor quo illum esse earum odio hic itaque quisquam ipsam qui sed dolores animi non harum eum in nesciunt.','2013-01-15 13:35:40.885006','2013-01-21 18:35:40.886621',4);
INSERT INTO "innovation_ideas" VALUES(100,'Ratione quasi eum saepe earum.','Voluptate iure ipsum eaque nisi deserunt explicabo aperiam dolores ullam vel nesciunt natus temporibus nam et voluptas quas totam alias minus voluptas mollitia corrupti iusto.','2013-01-16 04:35:40.898945','2013-01-21 18:35:40.900550',5);
INSERT INTO "innovation_ideas" VALUES(101,'Blortle','Splortle','2013-01-21 22:39:44.811188','2013-01-21 22:39:44.811188',1);
INSERT INTO "innovation_ideas" VALUES(102,'Woot','Snoot','2013-01-21 23:23:08.864354','2013-01-21 23:23:08.864354',1);
INSERT INTO "innovation_ideas" VALUES(103,'Chunkie','Bacon','2013-01-21 23:27:11.383800','2013-01-21 23:27:11.383800',1);
INSERT INTO "innovation_ideas" VALUES(104,'Do something really RAD','Whatever that means, just do it!','2013-01-21 23:29:59.196127','2013-01-21 23:29:59.196127',1);
INSERT INTO "innovation_ideas" VALUES(105,'Chortle','Wortle','2013-01-21 23:35:30.401164','2013-01-21 23:35:30.401164',1);
INSERT INTO "innovation_ideas" VALUES(106,'An idea','And a good one to boot','2013-01-22 21:20:25.441251','2013-01-22 21:20:25.441251',1);
INSERT INTO "innovation_ideas" VALUES(107,'Bright idea no. 57','Let''s make lots of money','2013-01-22 21:48:46.250420','2013-01-22 21:48:46.250420',1);
CREATE TABLE "users" ("id" INTEGER PRIMARY KEY AUTOINCREMENT NOT NULL, "name" varchar(255), "email" varchar(255), "created_at" datetime NOT NULL, "updated_at" datetime NOT NULL, "password_digest" varchar(255), "remember_token" varchar(255), "admin" boolean DEFAULT 'f');
INSERT INTO "users" VALUES(1,'Richard Noble','rich@richie.com','2013-01-21 18:35:35.093531','2013-01-21 18:35:35.173844','$2a$10$YVjWOVUD7FQ5hb.zpw7dduu80juqOqi2onzZbKg284K4scR0RVJ02','6VvhGvFp6iILKgYMouI6Hg','t');
INSERT INTO "users" VALUES(2,'Marion Zboncak','deborah_kautzer@howell.info','2013-01-21 18:35:35.614122','2013-01-21 18:35:35.614122','$2a$10$c.PAbSNlIkdax79CKpNkz.rmLVApMKzW2cuOFA6J5bnZREEpfQeuq','QzqIrAMHXed9HvIJh0d2Ug','f');
INSERT INTO "users" VALUES(3,'Frederick Legros','aleandro@larson.info','2013-01-21 18:35:36.353878','2013-01-21 18:35:36.353878','$2a$10$/pkU7m0sBsj40OWIFzFkF.QeInPftp/uot7jqTQRz1bJUO.pHIXJa','62_pUi0YyIuk1vhConTWUg','f');
INSERT INTO "users" VALUES(4,'Dr. Dejon Stamm','diana@jones.info','2013-01-21 18:35:36.494657','2013-01-21 18:35:36.494657','$2a$10$lbFZ/1qZL9h3dydiv4oituTFA56oU93tNe7KwOHI5y2sWf25tN/W2','QjOHFHuNumWSKbMU4fopaw','f');
INSERT INTO "users" VALUES(5,'Marcelle Weber','rubye@jast.biz','2013-01-21 18:35:36.589766','2013-01-21 18:35:36.589766','$2a$10$T0yYg.8hYNyPrvFDlfXxMOKkISQtHKoGjR8LK8zBTmJ7KB/fjYQp6','DGWBKIwyCF6CdR_NTyKN2g','f');
INSERT INTO "users" VALUES(6,'Dr. Kylie Hegmann','bill.brown@tillman.info','2013-01-21 18:35:36.686397','2013-01-21 18:35:36.686397','$2a$10$r.Q37KarClaWonRxjEfjIuUYQkWPvWbs7zM.UB3K1dFStn5usU9ZK','S6cVK8znU4Nd5q0T_CfwFA','f');
INSERT INTO "users" VALUES(7,'Nona Gerhold','onie@glover.info','2013-01-21 18:35:36.780090','2013-01-21 18:35:36.780090','$2a$10$BizTeqX7m9QZOQj0coajyeHgwi8yIlQxYj9YfyuvpBc0fqY56wUqy','pdAZPeA9YuF-jYwELulY-A','f');
INSERT INTO "users" VALUES(8,'Mrs. Alivia Predovic','isaiah.fay@grant.com','2013-01-21 18:35:36.893127','2013-01-21 18:35:36.893127','$2a$10$ypxHRxrP5EjvGWcsxSKlr.awcJTE.eXxg99aLoc98SSTV2Z41IoaW','coXGohH5LGmtNC6oJQmivA','f');
INSERT INTO "users" VALUES(9,'Abner Gibson','lonie_powlowski@ullrich.biz','2013-01-21 18:35:36.986468','2013-01-21 18:35:36.986468','$2a$10$liBM8g79PEXY3QFiRYVoYO3FjH5ZWeyPU7VBv15bqc3nN4rh6yJa2','FN1Xt3xSkEAFq2zTamLKQw','f');
INSERT INTO "users" VALUES(10,'Isabella Zieme','carson@rempel.net','2013-01-21 18:35:37.080485','2013-01-21 18:35:37.080485','$2a$10$vYhwAch2hrdql2KxlqwgMuzFapb4X96bDVahnXEjRC04B9i4fYeRK','2ZdMnSew9HrgLZvnme0ECw','f');
INSERT INTO "users" VALUES(11,'Oran Orn','hanna@langworth.biz','2013-01-21 18:35:37.189927','2013-01-21 18:35:37.189927','$2a$10$BBXo5R4MzoGH0k9c4/LouuB0hf0Z3t1MSm09tss/.ReYx7rUOwjtC','rHDppTAdaNOfa1SwpWPiRw','f');
INSERT INTO "users" VALUES(12,'Ms. Charlene Stokes','marilou_larkin@nikolaus.info','2013-01-21 18:35:37.285144','2013-01-21 18:35:37.285144','$2a$10$GT2T2L2TAizT1evAO9tt/.Ukt3txNFUnnOoqR8GhUdVa/uAaNy8dO','_wKUVQF4dVFbgHy7ctP8VQ','f');
INSERT INTO "users" VALUES(13,'Veronica Romaguera I','americo@pacocha.name','2013-01-21 18:35:37.385338','2013-01-21 18:35:37.385338','$2a$10$q9neUAhB11hdenhhwWcFvuwaj.rI3DYoat1JsmGsAJrBtfFvZW/Eq','-p66ZJRTqZP1_Z-NNfh63w','f');
INSERT INTO "users" VALUES(14,'Jacinto Flatley','lonzo@gleichner.net','2013-01-21 18:35:37.488800','2013-01-21 18:35:37.488800','$2a$10$6xFoK1SWy8uhYxKygyWtReSLN2QTFDsoCDBbEaZQEJR6bGOZQGcHC','zZKDf9Ek4jl9hP6Lu0PTtA','f');
INSERT INTO "users" VALUES(15,'Paxton Satterfield','rowan@stiedemann.net','2013-01-21 18:35:37.588045','2013-01-21 18:35:37.588045','$2a$10$uqt48OoqFrEQORQoYK6R8OwSt3eNPzsCqKS577eWz5hJjtIJCcg8y','I4s-dXj-ru6cvoOkv09ILw','f');
INSERT INTO "users" VALUES(16,'Natalia Purdy I','blaze@rolfson.com','2013-01-21 18:35:37.698094','2013-01-21 18:35:37.698094','$2a$10$mz9ek5xcE86fuqQimAL6.u2Tc1WUnE0g2XRdBZqLju/4lQMTgK4oa','-9paTBc55zP9L8QhPqEOxg','f');
INSERT INTO "users" VALUES(17,'Mrs. Jacklyn Ryan','travis@dach.biz','2013-01-21 18:35:37.796328','2013-01-21 18:35:37.796328','$2a$10$5ZQFuMv8CuZ4XBoRB18DWu81Jh4h5Unx.aLpzpIsSvI3.xY0/s.5u','60Nwb1RGScqmp8dDSBTErg','f');
INSERT INTO "users" VALUES(18,'Quinten Cummerata','heath.kilback@beahan.name','2013-01-21 18:35:37.889084','2013-01-21 18:35:37.889084','$2a$10$73iFdBFD3ttt65vju4xAC.nDaMrPYk3FvfMbQq/OhktQYHSXGrIFO','Y-_WEn6DtYa3GAichIrbmQ','f');
INSERT INTO "users" VALUES(19,'Elissa Collins','millie.kirlin@batz.name','2013-01-21 18:35:37.997245','2013-01-21 18:35:37.997245','$2a$10$N/HnJYCbq.3n0rDB1Dt.2e3n3ok.iR4KKwlAP6o6I1pNHgziv3DzW','ge7VF3n0b1DhuiW-q6FFeg','f');
INSERT INTO "users" VALUES(20,'Annabel Leffler','izaiah_bernhard@abbott.info','2013-01-21 18:35:38.089642','2013-01-21 18:35:38.089642','$2a$10$sezwW9Sxnn490nIQ/4OSRuFhQl8ok9.ZDMUOxLeXiqVdXfrBEmnnO','h__UF-yOSHAip5DFxikjYw','f');
INSERT INTO "users" VALUES(21,'Norberto Von','haleigh@doyle.name','2013-01-21 18:35:38.188321','2013-01-21 18:35:38.188321','$2a$10$FMFNTO1qw0jymlh4RHA9OuXnMYd3mAOlkn5c2IXWzE4V2wFMA04nS','3Cn2k8eyQCsPjZIQjXiL_w','f');
INSERT INTO "users" VALUES(22,'Brielle Trantow','melody@legrosmurphy.net','2013-01-21 18:35:38.298003','2013-01-21 18:35:38.298003','$2a$10$uK1afOdC5Meqs7ixdhMoze600YXjoWtgpCg6SUyFn5NG/6fjN/ATm','FuzhXO562l1IrFKiCNXPtA','f');
INSERT INTO "users" VALUES(23,'Sienna Oberbrunner','trenton_farrell@walsh.net','2013-01-21 18:35:38.391579','2013-01-21 18:35:38.391579','$2a$10$SCN218Ktx8fAF5HJWg2/6epXLP9ZnQZCfkfHuq8DhUe3q22dwD9KO','6SXhq9OWuakkFzcqy-gqkw','f');
INSERT INTO "users" VALUES(24,'Mariela Stehr','gerda@metz.name','2013-01-21 18:35:38.484974','2013-01-21 18:35:38.484974','$2a$10$IvuVuYzi2RP0DwjMopGwqefHq2NBJ8v6W7IVSZ8D8mdye9X8hzsTK','YNNPEkbjqpep8Ak98Me4Ug','f');
INSERT INTO "users" VALUES(25,'Yoshiko Olson','ramiro.ward@roob.biz','2013-01-21 18:35:38.594477','2013-01-21 18:35:38.594477','$2a$10$uNO.oKEaWhn680UFXljt1uNHvvn8ie7RFLHh5kLP6jFHEk2HaR252','7dGH5UlvobI7CF3Ili4mHg','f');
INSERT INTO "users" VALUES(26,'Raymond Emmerich','elbert_schiller@robertchimmel.biz','2013-01-21 18:35:38.712820','2013-01-21 18:35:38.712820','$2a$10$hVer43/jZwVHTBtrlW5qi.IE2G3WWNZ401har2g3PEun3HhVKp6hC','_-skhPm18QpHh2jNdVCfKg','f');
INSERT INTO "users" VALUES(27,'Montana Marks MD','morton@robertshilpert.name','2013-01-21 18:35:38.806485','2013-01-21 18:35:38.806485','$2a$10$/VOonL5CTJI/SQxqNcdcsOFIq5lMY751L1npS4LSZP5oi3QIDVqH2','tjgZgTpb6AQhsWz_qV7n3g','f');
INSERT INTO "users" VALUES(28,'Maxine Greenfelder','morris_pagac@rodrigueztreutel.org','2013-01-21 18:35:38.945345','2013-01-21 18:35:38.945345','$2a$10$mmaio.YYFhOAwOEh0zc/8eqBKhxzCUtA2BWy2PAkR./2XPUTIHU9S','dX6s9lirdL95P8wEL7F3xQ','f');
INSERT INTO "users" VALUES(29,'Hadley Rippin IV','chelsie.schmeler@okon.com','2013-01-21 18:35:39.041620','2013-01-21 18:35:39.041620','$2a$10$H3JiWsOqk1oTP36AunACv.n0sS0DBw7aFQ9MPYXVxDfmjgf.bSdYS','sAuMUlLZKzKUwj_KPH_Wng','f');
INSERT INTO "users" VALUES(30,'Rosalyn Stokes','keyon@luettgen.name','2013-01-21 18:35:39.155390','2013-01-21 18:35:39.155390','$2a$10$PyvgOamKpZxqeE5XV3vUE.82a3cSgqHkGZX3p92Gvs42Vfhk7OwtO','bb15RNvedNxt5UwfM1380g','f');
INSERT INTO "users" VALUES(31,'Ben Shields Jr.','sebastian.wisozk@moore.info','2013-01-21 18:35:39.248191','2013-01-21 18:35:39.248191','$2a$10$yQxXWVpBGPl5NwsqZe3fcuPGe.5pSFwCngDS8aB3hjoWYCcN4Ex/e','xvYEo5W0Vg03AkI_QuCQMA','f');
CREATE TABLE "schema_migrations" ("version" varchar(255) NOT NULL);
INSERT INTO "schema_migrations" VALUES('20130120144308');
INSERT INTO "schema_migrations" VALUES('20130105164353');
INSERT INTO "schema_migrations" VALUES('20130105173539');
INSERT INTO "schema_migrations" VALUES('20130105174550');
INSERT INTO "schema_migrations" VALUES('20130105230751');
INSERT INTO "schema_migrations" VALUES('20130106225721');
INSERT INTO "schema_migrations" VALUES('20130113153255');
INSERT INTO "schema_migrations" VALUES('20130119194524');
DELETE FROM sqlite_sequence;
INSERT INTO "sqlite_sequence" VALUES('users',31);
INSERT INTO "sqlite_sequence" VALUES('initiatives',100);
INSERT INTO "sqlite_sequence" VALUES('innovation_ideas',107);
CREATE INDEX "index_initiatives_on_user_id_and_created_at" ON "initiatives" ("user_id", "created_at");
CREATE UNIQUE INDEX "index_users_on_email" ON "users" ("email");
CREATE INDEX "index_users_on_remember_token" ON "users" ("remember_token");
CREATE UNIQUE INDEX "unique_schema_migrations" ON "schema_migrations" ("version");
COMMIT;
